rok;miesiac;pow;dzielnica;lpokoi;pietro;rokBudowy;Cena;CenaM2;stan
2008;1;20;Srodmiescie;1;7;1970;210000;10500;do remontu
2008;1;25;Pruszkow;1;1;1965;175000;7000;do remontu
2008;1;26;Bielany;1;6;1964;218000;8384;do remontu
2008;1;27;Wola;1;1;1962;230000;8518;dobry
2008;1;28;Mokotow;1;1;1950;245000;8750;do remontu
2008;1;28;Mokotow;2;4;1968;245000;8750;dobry
2008;1;30;Srodmiescie;1;1;1952;320000;10666;dobry
2008;1;32;Mokotow;2;3;2007;392000;12250;do wykonczenia
2008;1;32;Srodmiescie;1;7;1961;290000;9062;bardzo dobry
2008;1;34;Jozefoslaw;1;2;2003;325000;9558;bardzo dobry
2008;1;35;Bemowo;2;3;1978;260000;7428;dobry
2008;1;36;Wola;2;6;1965;250000;6944;dobry
2008;1;36;Wola;2;5;1968;360000;10000;dobry
2008;1;36;Praga Poludnie;2;5;1965;300000;8333;dobry
2008;1;37;Bialoleka;1;7;2005;250000;6756;dobry
2008;1;37;Mokotow;2;7;1972;300000;8108;dobry
2008;1;37;Zoliborz;2;1;1969;265000;7162;dobry
2008;1;37;Zoliborz;2;8;1972;279000;7540;dobry
2008;1;38;Praga Poludnie;2;1;1971;250000;6578;dobry
2008;1;40;Mokotow;2;1;1925;478000;11950;bardzo dobry
2008;1;40;Bielany;2;3;1970;320000;8000;dobry
2009;3;55;Mokotow;3;3;1974;395000;7181;do remontu
2008;1;41;Mokotow;2;3;1961;310000;7560;dobry
2008;1;42;Mokotow;2;1;1970;320000;7619;dobry
2008;1;44;Srodmiescie;2;3;1966;440000;10000;bardzo dobry
2008;1;44;Srodmiescie;2;3;1966;485200;10903;bardzo dobry
2008;1;47;Ursynow;2;5;1978;360000;7659;dobry
2008;1;48;Wola;2;1;2007;399000;8312;do wykonczenia
2008;1;50;Wola;2;3;1952;466000;9227;bardzo dobry
2008;1;53;Mokotow;2;10;2005;503000;9490;dobry
2008;1;54;Bielany;3;5;1976;392000;7259;dobry
2008;1;56;Zoliborz;3;3;1938;640000;11428;bardzo dobry
2008;1;56;Zoliborz;2;4;1936;620000;11071;bardzo dobry
2008;1;57;Mokotow;3;2;1978;373000;6543;do remontu
2008;1;73;Wawer;3;2;2003;665000;9109;bardzo dobry
2008;1;75;Praga Poludnie;3;3;2001;670000;8933;bardzo dobry
2008;9;46;Mokotow;2;7;1980;380000;8261;dobry
2008;1;82;Mokotow;3;1;2005;1100000;13414;bardzo dobry
2008;1;83;Mokotow;3;2;1997;715000;8614;bardzo dobry
2008;1;85;Wilanow;3;2;2006;700000;8235;bardzo dobry
2008;1;91;Mokotow;3;1;2006;939000;10318;bardzo dobry
2008;1;130;Srodmiescie;4;2;2006;1365000;10500;bardzo dobry
2008;2;20;Srodmiescie;1;7;1970;210000;10500;do remontu
2008;2;23;Srodmiescie;1;3;1964;240000;10435;dobry
2008;2;26;Bielany;1;6;1964;218000;8385;do remontu
2008;2;27;Srodmiescie;1;2;1964;223000;8259;do remontu
2008;2;27;Wola;1;2;1979;245000;9074;dobry
2008;2;28;Ochota;1;3;1963;208000;7429;do remontu
2008;2;29;Ochota;1;10;1972;210000;7241;dobry
2008;2;29;Praga Poludnie;1;2;1936;120000;4032;do remontu
2007;10;72;Mokotow;4;1;1976;630000;8666;dobry
2008;2;35;Bemowo;2;3;1978;260000;7429;dobry
2008;2;35;Bialoleka;1;4;2001;220000;6286;dobry
2008;2;35;Bemowo;2;1;2005;380000;10734;dobry
2008;2;36;Praga Poludnie;1;4;1965;252000;7000;dobry
2008;2;37;Mokotow;2;7;1972;300000;8108;dobry
2008;2;37;Bialoleka;1;7;2005;250000;6757;dobry
2008;2;37;Zoliborz;2;1;1969;302200;8168;dobry
2008;2;38;Praga Poludnie;2;1;1971;250000;6579;dobry
2008;2;38;Praga Poludnie;2;2;1970;248000;6526;do remontu
2008;2;38;Ochota;1;5;2001;399000;10445;bardzo dobry
2008;2;42;Mokotow;2;1;1970;320000;7619;do remontu
2008;2;46;Mokotow;2;1;2008;465000;10065;bardzo dobry
2008;2;48;Mokotow;2;4;2007;495000;10313;do wykonczenia
2008;2;50;Bemowo;2;3;1982;364500;7290;dobry
2008;2;57;Mokotow;3;2;1976;460000;8042;dobry
2008;2;54;Bielany;3;5;1976;392000;7259;dobry
2008;2;55;Mokotow;2;1;2008;560000;10182;do wykonczenia
2008;2;56;Mokotow;2;2;2007;735000;13125;dobry
2008;2;56;Srodmiescie;2;2;2005;770000;13750;dobry
2008;2;56;Mokotow;2;3;2007;565000;10089;do wykonczenia
2008;2;57;Mokotow;3;2;1978;373000;6544;do remontu
2008;2;57;Ursynow;2;2;2001;550000;9649;bardzo dobry
2008;2;57;Bielany;3;2;1960;390000;6842;do remontu
2008;9;35,4;Mokotow;2;10;1973;360000;10169;bardzo dobry
2007;12;21;Mokotow;1;8;1968;220000;10476;bardzo dobry
2008;2;63;Mokotow;3;3;2007;606000;9619;do wykonczenia
2009;8;44;Mokotow;2;4;1963;360000;8090;dobry
2008;2;73;Mokotow;3;3;2007;690000;9452;do wykonczenia
2008;2;73;Mokotow;3;4;2007;690000;9452;do wykonczenia
2008;2;74;Mokotow;3;2;2007;637000;8608;do wykonczenia
2008;2;81;Jozefoslaw;3;1;2007;635000;7840;do wykonczenia
2008;2;82;Mokotow;2;1;1935;930000;11341;bardzo dobry
2008;2;82;Ochota;3;2;2001;1050000;12712;bardzo dobry
2008;2;83;Mokotow;3;2;1997;715000;8614;bardzo dobry
2009;3;45;Bielany;2;10;1983;285000;6333;dobry
2008;2;111;Wola;4;6;2002;1780000;16007;bardzo dobry
2008;2;125;Wilanow;3;4;1997;999000;7992;bardzo dobry
2007;6;102;Zoliborz;3;1;2000;910000;8908;dobry
2008;3;24;Wola;1;4;1973;199000;8122;dobry
2008;3;26;Srodmiescie;1;7;1968;280000;10769;dobry
2008;3;28;Mokotow;1;2;1976;260000;9285;dobry
2008;3;29;Ochota;1;7;1967;213000;7344;dobry
2008;3;30;Srodmiescie;1;1;1920;389000;12966;bardzo dobry
2008;3;31;Mokotow;1;7;1974;230000;7419;dobry
2008;3;31;Mokotow;1;2;2001;330000;10645;bardzo dobry
2008;3;31;Mokotow;1;1;1975;250000;8064;dobry
2008;3;31;Wilanow;1;10;1976;260000;8387;bardzo dobry
2008;3;31;Mokotow;1;3;1992;265000;8354;dobry
2008;3;33;Praga Poludnie;2;5;2004;330000;10000;bardzo dobry
2008;3;33;Mokotow;1;8;1968;265000;8030;do remontu
2008;3;33;Mokotow;1;8;1980;282000;8545;dobry
2008;3;35;Wola;2;4;1960;250000;7142;do remontu
2008;3;35;Bemowo;2;7;1977;262000;7485;dobry
2008;3;36;Ursus;1;8;2003;300000;8333;bardzo dobry
2008;3;36;Ochota;2;3;1970;280000;7777;dobry
2008;3;37;Srodmiescie;2;5;1960;270000;7297;dobry
2008;3;39;Srodmiescie;2;11;1970;355000;9102;dobry
2008;3;39;Targowek;2;4;1975;277000;7012;dobry
2008;9;61;Bielany;3;10;1988;420000;6863;do remontu
2008;3;42;Zoliborz;2;2;1934;462000;10809;bardzo dobry
2008;3;43;Zoliborz;2;1;1937;350000;8139;dobry
2008;3;43;Mokotow;2;3;1950;380000;8837;do remontu
2008;3;44;Ursus;2;6;2002;317000;7204;dobry
2008;3;45;Bialoleka;2;6;2003;345000;7666;dobry
2008;3;47;Praga Poludnie;3;9;1970;355000;7553;dobry
2008;3;49;Praga Polnoc;2;3;1950;415000;8469;bardzo dobry
2008;3;50;Srodmiescie;2;3;1960;405000;8100;dobry
2008;3;53;Mokotow;3;4;1973;442000;8339;bardzo dobry
2008;3;54;Bialoleka;2;3;2006;425000;7826;bardzo dobry
2008;3;55;Bialoleka;2;3;2005;378000;6774;bardzo dobry
2008;3;56;Mokotow;3;4;1975;425000;7589;bardzo dobry
2008;3;56;Mokotow;2;4;2002;775000;13839;bardzo dobry
2008;3;56;Srodmiescie;2;4;1935;775000;13716;dobry
2008;3;57;Mokotow;2;3;2007;570000;10000;do wykonczenia
2008;3;59;Praga Poludnie;3;8;1984;350000;5872;do remontu
2008;3;60;Brwinow;2;1;1938;300000;5000;do remontu
2008;3;60;Brwinow;2;1;1938;300000;5000;do remontu
2008;3;61;Praga Poludnie;2;2;1938;620000;10163;do remontu
2008;3;61;Bemowo;3;4;1979;397000;6442;dobry
2008;3;62;Wola;3;1;1983;495000;7983;dobry
2008;3;62;Ursynow;3;2;2004;655000;10564;bardzo dobry
2008;3;67;Bielany;2;5;2006;743000;11089;do wykonczenia
2008;3;67;Praga Poludnie;3;5;1995;456000;6715;dobry
2008;3;70;Bielany;3;3;2006;690000;9857;do wykonczenia
2008;3;73;Mokotow;3;4;2007;685000;9383;do wykonczenia
2008;3;74;Zoliborz;3;1;1955;575000;7770;do remontu
2008;3;107;Ursynow;3;3;1999;1155000;10794;bardzo dobry
2008;3;113;Srodmiescie;4;3;2007;1780000;15752;do wykonczenia
2008;3;186;Mokotow;4;10;2000;2150000;11559;bardzo dobry
2008;4;17;Srodmiescie;1;1;1950;198000;11647;dobry
2008;4;19;Mokotow;1;5;1972;196000;10316;dobry
2008;4;20;Srodmiescie;1;6;1970;190000;9500;dobry
2008;4;23;Ochota;1;9;1960;202000;8783;do remontu
2008;4;23;Wola;1;5;1980;195000;8478;dobry
2008;4;24;Zoliborz;3;4;1960;220000;9167;dobry
2008;4;26;Praga Poludnie;1;5;2002;279000;10731;bardzo dobry
2008;4;26,5;Wlochy;1;4;1960;198000;7472;do remontu
2008;4;27;Bialoleka;1;2;2004;200000;7407;dobry
2008;4;30;Srodmiescie;1;3;1960;300000;10000;dobry
2008;4;30;Zoliborz;1;1;1960;255000;8500;bardzo dobry
2008;4;30;Bielany;1;3;1975;220000;7333;dobry
2008;4;31,6;Mokotow;1;9;1980;225000;7120;dobry
2008;4;32;Zoliborz;1;1;1937;360000;11250;dobry
2008;4;32,5;Mokotow;1;3;1950;240000;7385;dobry
2008;4;33;Ochota;1;4;2003;340000;10303;dobry
2008;9;40;Srodmiescie;1;11;2001;477600;11940;bardzo dobry
2008;4;37;Mokotow;2;3;1969;295000;7973;dobry
2008;4;38;Wola;2;9;1980;298000;7842;dobry
2008;4;38;Praga Poludnie;2;1;1970;299000;7868;dobry
2008;4;38;Mokotow;2;2;1972;280000;7368;dobry
2008;10;85;Wesola;4;2;1998;540000;6352;bardzo dobry
2008;4;46;Targowek;2;7;1979;310000;6739;dobry
2008;4;47;Bielany;2;7;1978;380000;8085;dobry
2008;4;49;Praga Poludnie;3;6;1972;342000;6980;do remontu
2008;4;50;Srodmiescie;2;3;1960;405000;8100;dobry
2008;4;52;Ursynow;2;4;1997;400000;7692;do wykonczenia
2008;4;52;Praga Poludnie;2;9;1986;409000;7865;dobry
2008;4;53;Ursynow;3;1;1981;407000;7679;dobry
2008;4;58;Bialoleka;2;2;1998;400000;6897;bardzo dobry
2008;4;60;Mokotow;2;4;1950;490000;8167;dobry
2008;4;61;Wilanow;2;3;1978;380000;6230;bardzo dobry
2008;4;63;Mokotow;2;4;1937;715000;11349;do remontu
2008;4;68;Wawer;3;1;1999;480000;7059;bardzo dobry
2008;4;72;Ochota;3;2;2000;555000;7708;dobry
2008;4;81;Srodmiescie;3;2;1938;811000;10012;do remontu
2008;4;82;Mokotow;2;1;1935;1100000;13415;do wykonczenia
2007;7;97;Srodmiescie;3;10;2000;1340000;13744;bardzo dobry
2008;7;26;Srodmiescie;1;3;1970;238000;9153;bardzo dobry
2009;1;46;Wola;2;2;1960;327500;7119;do remontu
2008;4;89;Mokotow;3;6;2005;1150000;12921;bardzo dobry
2008;4;107;Mokotow;4;3;2002;820000;7664;bardzo dobry
2008;4;130;Ochota;4;1;1999;1410000;10846;bardzo dobry
2008;5;20;Praga Polnoc;1;2;1960;167000;8350;do remontu
2008;5;28;Praga Poludnie;1;8;1970;240000;8421;dobry
2008;5;31;Praga Poludnie;1;8;1986;226000;7142;dobry
2009;5;27;Srodmiescie;2;5;1967;224000;8296;do remontu
2008;5;35;Srodmiescie;2;5;1967;310000;8734;dobry
2008;5;35;Mokotow;1;9;1980;303000;8607;dobry
2008;5;35;Ursus;2;2;1966;220000;6285;do remontu
2008;5;36;Srodmiescie;2;1;1970;376000;10444;do remontu
2008;5;37;Wola;2;4;1970;275000;7432;dobry
2008;5;37;Mokotow;2;5;1970;280000;7567;do remontu
2008;5;38;Mokotow;2;4;1970;286000;7428;dobry
2008;5;38;Bielany;2;8;1963;284000;7473;do remontu
2008;5;38;Mokotow;2;8;1978;266000;7000;do remontu
2008;5;39;Srodmiescie;2;12;1975;375000;9615;dobry
2009;7;49;Srodmiescie;3;7;1979;380000;7755;dobry
2007;6;127;Srodmiescie;4;9;2000;1085000;8490;bardzo dobry
2008;5;42;Ursynow;2;1;1982;358000;8523;dobry
2008;5;43;Bialoleka;2;7;2002;305000;6947;dobry
2008;5;44;Bialoleka;2;1;2003;349000;7931;bardzo dobry
2008;5;45;Wola;2;3;1953;385000;8555;dobry
2008;5;45;Zoliborz;2;1;1939;629000;13977;bardzo dobry
2008;5;46;Ochota;3;3;1964;400000;8658;bardzo dobry
2008;5;46;Bielany;3;3;1950;340000;7391;do remontu
2008;5;46;Mokotow;2;1;1980;329000;7152;dobry
2008;5;47;Bialoleka;2;1;1999;342000;7276;bardzo dobry
2008;5;47;Rembertow;2;1;2007;300000;6382;do wykonczenia
2008;5;48;Praga Poludnie;3;10;1971;321000;6618;do wykonczenia
2008;5;48;Wola;3;14;1972;390000;8125;do remontu
2008;5;50;Mokotow;2;2;1955;452000;9040;bardzo dobry
2008;5;53;Mokotow;3;6;1955;515000;9716;dobry
2008;5;53;Wola;3;2;1960;390000;7358;dobry
2008;5;53;Mokotow;2;1;1936;576000;10867;dobry
2008;5;53;Mokotow;2;3;2004;740000;13962;bardzo dobry
2008;5;54;Bielany;3;11;1978;330000;6111;bardzo dobry
2008;5;55;Mokotow;2;4;1930;520000;9454;do remontu
2008;5;56;Ursynow;3;15;1981;387000;6825;dobry
2008;5;56;Ochota;2;4;1966;513000;9160;dobry
2008;5;57;Ursynow;2;6;1985;463000;8122;bardzo dobry
2008;5;57;Mokotow;2;1;2007;545000;9561;do wykonczenia
2008;5;58;Mokotow;2;2;2007;620000;10689;do wykonczenia
2008;5;60;Praga Poludnie;3;10;2006;460000;7666;do wykonczenia
2008;5;62;Targowek;2;10;2001;490000;7903;bardzo dobry
2008;5;64;Praga Polnoc;4;4;1961;450000;7031;dobry
2008;5;73;Mokotow;3;2;2007;695000;9520;do wykonczenia
2008;5;75;Bemowo;3;3;2001;600000;8000;bardzo dobry
2007;11;27;Srodmiescie;1;9;1968;280000;10370;bardzo dobry
2008;9;33,8;Mokotow;2;4;1962;330000;9763;dobry
2008;5;105;Bemowo;4;1;2003;1015000;9666;bardzo dobry
2008;5;105;Bialoleka;3;3;2003;620000;5904;dobry
2008;5;122;Ochota;4;5;2000;1450000;11885;bardzo dobry
2008;5;137;Mokotow;6;2;1995;1200000;8759;dobry
2009;8;25;Mokotow;1;1;1960;200000;7782;do remontu
2008;6;17,35;Wola;1;16;1971;179000;10317;dobry
2008;6;24;Wola;1;9;1964;223000;9291;dobry
2008;6;26;Mokotow;1;1;1938;245000;9423;bardzo dobry
2008;6;27;Zoliborz;1;2;1975;212000;7851;do remontu
2008;6;28;Wlochy;2;1;1938;237000;8464;do wykonczenia
2008;6;30,9;Bialoleka;2;2;2002;259000;8381;bardzo dobry
2008;6;31;Targowek;1;2;2007;313000;10096;dobry
2008;6;31;Ursynow;1;1;1979;240000;7741;do remontu
2008;6;32;Tarchomin;1;1;2000;258000;8062;do wykonczenia
2008;6;33,08;Bielany;1;8;2000;303000;9159;dobry
2008;6;34;Ursynow;1;4;2002;327000;9617;dobry
2008;6;34;Ochota;1;2;1960;260000;7647;do remontu
2008;6;34;Mokotow;2;4;1965;270000;7941;dobry
2008;6;34;Mokotow;1;1;1952;304000;8941;do remontu
2008;6;36;Srodmiescie;1;3;1951;310000;8611;do remontu
2008;6;37;Mokotow;2;3;1965;290000;7837;do remontu
2008;6;38;Praga Poludnie;1;3;1950;222000;5842;dobry
2008;6;40;Ursynow;2;3;1991;365000;9125;bardzo dobry
2008;6;42;Mokotow;2;1;1974;320000;7619;dobry
2008;6;42;Srodmiescie;2;6;2007;500000;11904;do wykonczenia
2008;6;42,5;Mokotow;2;2;1949;440000;10352;bardzo dobry
2008;6;43;Srodmiescie;2;1;1949;420000;9767;dobry
2008;6;43,57;Bialoleka;2;5;2005;340000;7803;bardzo dobry
2008;7;34;Mokotow;2;4;1965;270000;7941;dobry
2008;6;46,2;Bialoleka;2;1;2002;340000;7359;bardzo dobry
2008;6;47,15;Praga Poludnie;2;1;1958;282900;6000;do remontu
2008;6;49;Wola;2;2;1950;380000;7755;bardzo dobry
2008;6;49;Bielany;2;1;1939;419000;8551;dobry
2008;6;50;Mokotow;3;3;1980;350000;7000;dobry
2008;6;53,3;Srodmiescie;2;2;1938;570000;10694;bardzo dobry
2008;6;55;Wilanow;2;1;2008;472000;8581;bardzo dobry
2008;6;55;Bielany;3;4;1970;368000;6690;bardzo dobry
2008;6;56;Mokotow;2;4;2007;530000;9464;do wykonczenia
2008;6;57;Zoliborz;2;3;1923;522000;9157;dobry
2008;6;57;Zoliborz;3;9;1975;400000;7017;do remontu
2008;6;57;Mokotow;2;2;1959;492000;8631;do remontu
2008;6;58;Mokotow;2;1;2007;620000;10689;do wykonczenia
2008;6;64;Praga Polnoc;3;4;1993;405000;6328;dobry
2008;6;64;Wola;3;2;1931;590000;9218;bardzo dobry
2008;6;66;Mokotow;3;1;1976;490000;7424;dobry
2008;6;68;Srodmiescie;2;2;2004;855000;12573;bardzo dobry
2008;6;70;Grochow;3;3;1993;525000;7500;dobry
2008;6;73,4;Bielany;3;8;2001;670000;9128;dobry
2008;6;91;Mokotow;3;5;2001;1190000;13076;bardzo dobry
2008;6;101;Ursynow;4;3;2001;1100000;10891;bardzo dobry
2008;6;110;Mokotow;4;4;1994;810000;7363;dobry
2008;6;110;Wola;4;4;1990;962000;8745;bardzo dobry
2008;6;116,1;Zoliborz;4;2;2003;1900000;16365;bardzo dobry
2008;6;117;Ursynow;4;1;2002;1300000;11111;bardzo dobry
2008;6;135;Wilanow;5;1;2005;2050000;15185;bardzo dobry
2008;6;135;Mokotow;3;1;1930;2100000;15555;dobry
2008;6;144;Ochota;5;1;2001;1650000;11458;dobry
2008;6;190;Mokotow;5;3;2007;2500000;13157;do wykonczenia
2009;4;41;Bielany;2;2;1972;280000;6829;dobry
2008;7;27;Bialoleka;1;2;2008;166600;6170;do wykonczenia
2008;7;27;Wola;1;4;1968;205000;7592;do remontu
2008;7;28;Mokotow;1;4;1962;225000;8035;do remontu
2008;7;29;Praga Poludnie;1;5;1958;215000;7413;dobry
2008;7;30;Wola;1;2;1954;270000;9000;dobry
2009;8;48;Bielany;3;3;1980;350000;7292;dobry
2009;3;64;Bielany;3;4;1992;475000;7421;dobry
2008;7;34;Ochota;1;3;1960;260000;7647;do remontu
2008;7;35;Bialoleka;2;3;2004;299000;8542;bardzo dobry
2008;7;36;Srodmiescie;1;1;1967;308000;8555;dobry
2008;7;37;Mokotow;2;3;1965;290000;7837;do remontu
2008;7;38;Wola;2;3;1969;310000;8157;do wykonczenia
2007;7;50;Bemowo;2;5;2006;640000;12800;bardzo dobry
2008;7;38;Bielany;2;3;2000;325000;8552;dobry
2008;7;40;Srodmiescie;2;3;1991;365000;9125;bardzo dobry
2008;7;41;Ursynow;1;1;2000;430000;10487;dobry
2008;7;41;Ursynow;2;4;2002;434000;10585;bardzo dobry
2008;7;42;Mokotow;2;2;1958;380000;9047;do remontu
2008;7;42;Srodmiescie;2;1;1950;815000;19404;bardzo dobry
2008;7;45;Mokotow;2;6;1977;330000;7333;do remontu
2008;7;47;Ursynow;2;1;2002;500000;10638;dobry
2008;7;48;Karczew;2;1;1994;230000;4791;dobry
2008;7;51;Mokotow;2;15;2007;472000;9254;do wykonczenia
2008;7;51;Mokotow;2;15;2007;472000;9254;do wykonczenia
2008;7;55;Wola;3;1;1963;555000;10090;bardzo dobry
2008;7;55;Srodmiescie;3;2;1960;531000;9654;dobry
2008;7;56;Mokotow;2;4;2007;530000;9464;do wykonczenia
2008;7;56;Mokotow;3;1;1980;460000;8214;dobry
2008;7;57;Zoliborz;3;9;1975;400000;7017;do remontu
2008;7;59;Praga Poludnie;3;2;1956;414000;7016;bardzo dobry
2008;7;60;Praga Poludnie;2;1;1946;670000;11166;do remontu
2008;7;64;Mokotow;2;4;1950;520000;8125;bardzo dobry
2008;7;74;Ursynow;3;3;2003;720000;9729;dobry
2008;7;78;Ursynow;3;1;2001;617000;7910;bardzo dobry
2008;7;78;Ursynow;3;2;2000;719000;9217;dobry
2008;7;84;Srodmiescie;4;1;1991;1115000;13273;bardzo dobry
2008;7;152;Praga Poludnie;5;4;1928;1600000;10526;do wykonczenia
2008;8;38;Srodmiescie;2;5;1965;283000;7447;do remontu
2008;8;39;Wola;2;4;1971;308000;7897;dobry
2008;8;39;Praga Poludnie;2;3;1960;313000;8025;do remontu
2008;8;43;Mokotow;2;3;1950;420000;9767;bardzo dobry
2008;8;44;Praga Poludnie;3;4;1967;305000;6931;do remontu
2008;8;46;Srodmiescie;3;2;1970;434000;9434;bardzo dobry
2008;8;50;Mokotow;2;5;1993;377000;7540;dobry
2008;8;53;Mokotow;3;2;1974;390000;7358;bardzo dobry
2008;8;53;Mokotow;3;1;1974;370000;6981;dobry
2008;8;57;Mokotow;2;4;1952;533000;9350;bardzo dobry
2008;8;59;Bemowo;3;2;2005;510000;8644;bardzo dobry
2008;8;59;Praga Polnoc;2;1;2006;365000;6186;dobry
2008;8;63;Mokotow;3;4;1974;450000;7142;bardzo dobry
2008;8;70;Mokotow;3;2;1938;720000;10285;dobry
2008;8;73;Mokotow;3;3;2007;647000;8863;do wykonczenia
2008;8;87;Mokotow;4;3;1992;598000;6873;dobry
2008;8;93;Mokotow;4;5;2003;954000;10258;bardzo dobry
2007;7;77;Bemowo;3;1;2005;715000;9226;dobry
2008;9;28;Targowek;1;2;1973;196000;7000;do remontu
2008;9;28,65;Wlochy;1;3;1932;195000;6806;dobry
2008;9;31,5;Bialoleka;1;7;2003;267000;8476;bardzo dobry
2008;9;31,5;Mokotow;1;10;1978;223000;7079;dobry
2008;9;32,14;Bielany;1;20;1989;259000;8058;dobry
2007;10;44;Bemowo;2;3;2005;512000;11480;dobry
2008;9;33,2;Mokotow;1;10;1978;246000;7409;dobry
2008;6;45;Praga Poludnie;2;14;1974;270000;6000;do remontu
2008;9;37,93;Mokotow;2;10;1958;329000;8673;bardzo dobry
2008;9;37,93;Mokotow;2;10;1968;290000;7645;do remontu
2008;9;38;Bialoleka;2;7;2004;315000;8289;bardzo dobry
2008;9;38,97;Srodmiescie;2;4;1969;290000;7441;dobry
2008;9;39;Mokotow;2;10;1972;321000;8230;dobry
2008;9;40;Srodmiescie;2;15;1967;389000;9725;bardzo dobry
2009;7;48;Praga Poludnie;2;3;1994;445000;9270;bardzo dobry
2008;9;41,8;Bialoleka;2;3;2000;300000;7177;dobry
2008;9;42,3;Mokotow;2;10;1975;317000;7494;dobry
2008;9;42,4;Ursynow;2;11;1981;357000;8419;bardzo dobry
2009;8;33;Praga Poludnie;1;9;1980;290000;8631;dobry
2008;9;45,5;Srodmiescie;3;4;1966;500000;10989;dobry
2008;9;46,3;Mokotow;2;17;1978;405000;8747;bardzo dobry
2008;9;47;Mokotow;2;10;1980;410000;8723;dobry
2008;9;47;Ursynow;2;10;1986;399000;8489;dobry
2008;9;48,3;Bielany;2;3;1969;403000;8343;dobry
2008;9;48,41;Praga Poludnie;2;2;1950;460000;9502;do remontu
2008;9;49;Bielany;2;11;1980;355000;7244;dobry
2008;9;49;Ursynow;2;4;1982;328000;6693;do remontu
2008;9;50,53;Wawer;2;1;2002;372000;7361;bardzo dobry
2008;9;52;Wlochy;2;2;2005;500000;9615;bardzo dobry
2008;9;53,65;Ochota;2;5;2006;470000;8760;bardzo dobry
2008;9;54;Mokotow;2;3;1956;445000;8240;dobry
2008;9;56;Zoliborz;3;4;1970;414000;7392;dobry
2008;9;56;Mokotow;3;10;1976;400000;7142;dobry
2008;9;61;Wola;3;5;1951;500000;8196;do remontu
2008;9;66;Srodmiescie;2;6;1932;860000;13030;dobry
2008;9;70,5;Ursus;3;4;2002;580000;8226;bardzo dobry
2008;9;73;Ursynow;3;5;2003;655000;8972;dobry
2008;9;74,66;Bielany;3;3;2008;540000;7232;do wykonczenia
2008;9;75;Mokotow;3;3;1935;466000;6213;bardzo dobry
2008;9;75;Mokotow;3;8;2007;641000;8546;do wykonczenia
2008;9;86;Srodmiescie;3;14;2006;1200000;13953;bardzo dobry
2008;9;90;Praga Poludnie;4;5;2000;780000;8666;bardzo dobry
2008;9;118;Mokotow;4;7;2004;1550000;13135;bardzo dobry
2008;10;27;Wola;1;6;1970;215000;7962;dobry
2008;10;29;Srodmiescie;1;10;1970;240000;8275;dobry
2008;10;30;Zoliborz;1;2;1947;295000;9833;bardzo dobry
2008;10;30;Bielany;1;7;2000;285000;9500;bardzo dobry
2008;10;31;Mokotow;1;2;1976;270000;8709;bardzo dobry
2008;10;35;Bialoleka;1;8;2005;225000;6428;dobry
2008;10;36;Bialoleka;1;4;2002;260000;7222;bardzo dobry
2008;10;40;Srodmiescie;2;2;1957;425000;10625;do remontu
2008;10;46;Zoliborz;3;4;1966;389000;8456;bardzo dobry
2008;10;46;Brwinow;2;1;2008;297000;6456;do wykonczenia
2008;10;46;Praga Polnoc;2;2;1930;405000;8804;bardzo dobry
2007;6;57;Praga Poludnie;2;12;2001;479000;8404;bardzo dobry
2008;10;52;Mokotow;2;3;1991;467000;8980;dobry
2008;10;53;Wilanow;2;1;2005;525000;9905;bardzo dobry
2008;10;55;Bielany;3;9;1980;342000;6218;bardzo dobry
2008;10;75;Wawer;3;5;2008;510000;6800;do wykonczenia
2008;2;54;Praga Poludnie;2;1;1999;515000;9537;dobry
2008;10;103;Srodmiescie;4;2;2005;1905000;18495;bardzo dobry
2008;10;111;Mokotow;3;2;2006;1178000;10612;do wykonczenia
2008;10;111;Ochota;4;2;1927;1230000;11081;bardzo dobry
2008;10;116;Mokotow;4;3;2007;845000;7284;do wykonczenia
2008;10;135;Praga Poludnie;4;3;1996;915000;6777;bardzo dobry
2008;12;15;Ochota;1;2;1964;153000;10200;do remontu
2008;12;23;Wola;1;2;1963;187000;8130;do remontu
2008;12;24;Praga Poludnie;1;3;1965;200000;8333;bardzo dobry
2008;12;24;Wola;1;1;1975;175000;7291;dobry
2008;12;24;Ochota;1;2;1970;178500;7437;do remontu
2008;12;33;Pruszkow;1;3;1996;176000;5333;dobry
2008;12;34;Wola;2;3;1967;230000;6764;do remontu
2008;12;34;Bialoleka;1;2;2004;255000;7500;bardzo dobry
2008;12;35;Wola;1;19;2005;385000;11000;dobry
2008;12;36;Srodmiescie;1;6;1960;315000;8750;bardzo dobry
2008;12;37;Praga Polnoc;2;3;1970;259000;7000;dobry
2008;12;37;Rembertow;1;2;2008;260000;7027;do wykonczenia
2008;12;37;Mokotow;2;7;1972;260000;7027;do remontu
2008;12;37;Zoliborz;2;3;1968;319000;8621;do remontu
2008;12;38;Zoliborz;2;2;1964;340000;8947;dobry
2008;12;46;Rembertow;2;1;2008;312000;6782;do wykonczenia
2008;12;47;Bialoleka;2;5;2004;367000;7808;dobry
2008;12;48;Mokotow;2;1;2008;700000;14583;bardzo dobry
2008;12;48;Bemowo;2;2;2001;475000;9895;bardzo dobry
2008;12;48;Bialoleka;2;1;2007;305000;6354;do wykonczenia
2008;12;49;Wola;2;2;2008;395000;8061;do wykonczenia
2008;12;53;Bialoleka;2;3;2001;370000;6981;dobry
2008;12;54;Bielany;3;14;1978;380000;7037;dobry
2008;12;56;Bemowo;3;2;2003;512000;9142;bardzo dobry
2008;12;57;Srodmiescie;2;4;1939;520000;9122;bardzo dobry
2008;12;59;Bialoleka;2;3;2008;479600;8128;bardzo dobry
2008;12;68;Mokotow;3;6;2001;1045000;15367;bardzo dobry
2008;12;71;Bialoleka;3;2;2008;525000;7394;do remontu
2008;12;78;Ursynow;3;3;2001;640000;8205;dobry
2008;12;80;Praga Poludnie;3;3;1932;400000;5000;bardzo dobry
2008;12;97;Mokotow;3;5;2007;1340000;13814;do wykonczenia
2008;12;100;Bialoleka;4;3;2001;487000;4870;do wykonczenia
2008;12;100;Srodmiescie;3;3;2007;1350000;13500;bardzo dobry
2008;12;140;Mokotow;4;8;2006;1350000;9642;bardzo dobry
2008;12;220;Zoliborz;9;1;1928;2770000;12590;dobry
2009;1;31;Bielany;1;4;1980;242000;7806;dobry
2009;1;32;Srodmiescie;1;2;1960;335000;10468;dobry
2009;1;33,8;Bialoleka;1;1;2005;216000;6390;do remontu
2009;1;36,4;Ursynow;1;6;2004;345000;9478;bardzo dobry
2009;1;37;Praga Poludnie;2;3;1978;330000;8918;bardzo dobry
2009;1;38;Zoliborz;2;6;1966;295000;7763;dobry
2009;1;38;Zoliborz;2;4;1962;330000;8684;dobry
2009;1;38;Ochota;2;1;2002;370000;9736;bardzo dobry
2009;1;39;Srodmiescie;2;9;1970;343000;8794;dobry
2009;1;43;Srodmiescie;2;2;1970;360000;8372;do remontu
2007;10;56;Mokotow;2;2;1992;530000;9464;dobry
2009;1;47;Praga Polnoc;2;3;2003;288000;6127;bardzo dobry
2009;1;48;Ursynow;2;1;2002;460000;9583;dobry
2009;1;49;Ochota;2;3;1952;510000;10408;bardzo dobry
2009;1;49,9;Bemowo;3;8;1973;330000;6613;dobry
2009;1;50;Mokotow;3;1;1951;462500;9250;dobry
2009;1;52;Bialoleka;2;3;2006;374000;7192;bardzo dobry
2009;1;60;Bemowo;3;1;1989;325000;5416;do remontu
2009;1;70;Wola;3;7;2002;675000;9642;dobry
2009;1;72,7;Ursynow;3;5;2003;787500;10832;dobry
2009;1;76;Ursus;3;1;2006;550000;7236;bardzo dobry
2009;1;77;Zoliborz;3;2;1988;600000;7792;bardzo dobry
2009;1;87;Srodmiescie;5;1;1930;1350000;15517;do remontu
2009;1;92;Ursynow;3;3;2003;862000;9369;bardzo dobry
2009;1;96;Bemowo;4;10;1969;543000;5656;dobry
2009;1;108,3;Ursynow;4;3;2001;925000;8541;dobry
2009;1;140;Ursynow;4;1;2002;1420000;10142;bardzo dobry
2009;2;29,62;Praga Poludnie;1;4;1927;170000;5739;dobry
2009;2;32;Zoliborz;1;4;1936;250000;7812;do remontu
2009;2;36;Wola;2;2;1964;260000;7222;do remontu
2009;2;37;Praga Poludnie;2;9;1970;270000;7297;do remontu
2009;2;37,5;Wola;2;9;1969;324000;8640;dobry
2009;2;37,91;Targowek;2;1;2005;290000;7649;bardzo dobry
2009;2;41;Zoliborz;2;8;1974;275000;6707;dobry
2009;2;45;Wola;2;6;1968;320000;7111;dobry
2009;2;45;Srodmiescie;2;4;1950;495000;11000;dobry
2009;2;46;Praga Polnoc;2;3;1953;260000;5652;do remontu
2009;2;46;Praga Poludnie;3;7;1970;320000;6956;dobry
2009;2;48;Bialoleka;2;3;2001;295000;6145;bardzo dobry
2009;2;49;Zabki;2;1;2003;358000;7306;bardzo dobry
2009;2;53;Pruszkow;2;2;1936;216000;4075;dobry
2009;2;64;Mokotow;3;7;1993;400000;6250;dobry
2009;2;71;Wola;3;3;1960;447000;6295;do wykonczenia
2009;2;71,69;Wilanow;3;4;2008;525000;7323;bardzo dobry
2009;2;74,2;Ursynow;4;2;1987;550000;7412;bardzo dobry
2009;2;117,9;Ursynow;4;2;2001;970000;8227;bardzo dobry
2009;2;135;Ursynow;4;1;2001;1300000;9629;bardzo dobry
2009;3;36;Mokotow;1;7;2003;360000;10000;bardzo dobry
2009;3;36;Ochota;2;6;1957;305000;8472;dobry
2009;3;37;Praga Poludnie;2;5;2001;293000;7918;dobry
2009;3;39;Praga Poludnie;2;9;1970;300000;7692;bardzo dobry
2009;3;39;Praga Poludnie;2;10;2003;363000;9307;bardzo dobry
2009;3;41;Bielany;2;10;1978;300000;7317;bardzo dobry
2009;3;45;Praga Poludnie;3;10;1970;330000;7333;dobry
2007;10;65;Mokotow;3;5;1993;480000;7385;dobry
2009;3;45;Bielany;2;5;1948;338000;7511;dobry
2009;3;46;Praga Poludnie;2;10;1978;280000;6086;do remontu
2009;3;46;Mokotow;2;16;2008;455000;9891;do wykonczenia
2009;3;49;Srodmiescie;2;5;1959;585000;11938;bardzo dobry
2009;3;50;Bielany;3;10;1975;350000;7000;dobry
2009;3;50;Srodmiescie;2;5;1932;600000;12000;dobry
2009;3;50;Srodmiescie;2;5;1960;460000;9200;bardzo dobry
2009;3;51;Rembertow;2;3;2005;360000;7058;bardzo dobry
2009;3;53;Mokotow;2;4;1936;500000;9433;do remontu
2009;3;53;Srodmiescie;1;4;1938;320000;6037;dobry
2009;3;53;Grodzisk Mazowiecki;3;1;1992;288000;5433;dobry
2008;9;56;Mokotow;2;2;1992;530000;9464;dobry
2009;3;55;Ursynow;2;4;2002;530000;9636;bardzo dobry
2009;3;57;Mokotow;3;15;1978;382000;6701;dobry
2009;3;57;Wola;2;15;2005;640000;11228;bardzo dobry
2009;3;60;Bemowo;3;11;1983;370000;6166;do remontu
2008;9;51;Mokotow;2;2;2002;650000;12745;bardzo dobry
2009;3;69;Ursynow;3;10;1982;420000;6086;dobry
2009;3;69;Bialoleka;3;3;2001;450000;6521;bardzo dobry
2009;3;70;Mokotow;2;4;1938;560000;8000;dobry
2009;3;74;Ursynow;3;8;2006;721500;9750;bardzo dobry
2009;3;78;Targowek;3;2;1999;580000;7435;dobry
2009;3;79;Srodmiescie;3;3;1950;1350000;17088;bardzo dobry
2009;3;94;Mokotow;2;3;2001;795000;8457;bardzo dobry
2009;3;122;Srodmiescie;4;4;1932;1330000;10901;do remontu
2009;3;169;Srodmiescie;6;6;2002;1145000;6775;bardzo dobry
2009;4;31;Ursynow;1;3;1998;320000;10322;bardzo dobry
2009;4;31;Mokotow;1;7;1995;190000;6129;dobry
2009;4;32;Srodmiescie;2;2;1920;605000;18906;bardzo dobry
2009;4;32;Bialoleka;1;6;1988;190000;5937;do remontu
2009;4;33;Srodmiescie;1;1;2007;400000;12121;bardzo dobry
2009;4;35;Srodmiescie;2;4;1967;268000;7657;do remontu
2009;4;36;Ochota;2;2;1975;270000;7500;dobry
2009;4;38;Wola;2;1;1962;269000;7078;dobry
2009;4;39;Praga Poludnie;2;5;2008;345000;8846;bardzo dobry
2008;2;160;Mokotow;4;4;2002;2550000;15938;dobry
2009;4;42;Bielany;2;8;1973;330000;7857;dobry
2009;4;43;Praga Poludnie;2;15;1980;287000;6674;dobry
2009;4;43;Bielany;2;10;1974;284000;6604;dobry
2009;4;45;Bialoleka;2;3;2000;300000;6666;dobry
2009;4;45;Ursynow;2;8;2000;388000;8622;bardzo dobry
2009;4;46;Bielany;2;5;1970;320000;6956;dobry
2009;4;48;Bialoleka;2;2;2000;360000;7500;bardzo dobry
2009;4;50;Srodmiescie;2;3;1950;550000;11000;bardzo dobry
2009;4;50;Srodmiescie;2;3;1946;626000;12520;dobry
2009;4;52;Ursynow;2;9;1999;490000;9423;dobry
2009;4;52;Ursynow;2;3;1998;490000;9423;dobry
2009;4;52;Zoliborz;2;4;2002;500000;9615;bardzo dobry
2009;4;62;Ursynow;2;4;2000;525000;8467;do remontu
2009;4;63;Srodmiescie;3;8;1982;365000;5793;do remontu
2009;4;68;Ursynow;3;4;2002;710000;10441;bardzo dobry
2009;4;77;Bemowo;3;1;2007;600000;7792;do wykonczenia
2009;4;78;Mokotow;3;6;2004;865000;11089;bardzo dobry
2009;4;81;Praga Poludnie;3;4;2000;740000;9135;bardzo dobry
2009;4;83;Srodmiescie;3;6;1962;900000;10843;do remontu
2009;4;93;Wola;4;5;2007;905775;9739;do wykonczenia
2009;4;98;Ursynow;3;6;2005;825000;8418;bardzo dobry
2009;4;100;Bialoleka;4;3;2004;699000;6990;bardzo dobry
2009;5;19;Wola;1;3;1968;192000;10105;do remontu
2009;5;20;Ochota;1;3;1950;200000;10000;dobry
2009;5;24;Srodmiescie;1;5;1975;220000;9166;do remontu
2008;5;193;Srodmiescie;6;5;1921;2600000;13471;bardzo dobry
2008;2;67;Mokotow;4;1;1976;515000;7675;dobry
2009;5;28;Mokotow;1;3;1968;275000;9821;bardzo dobry
2009;5;29;Targowek;1;3;1996;260000;8965;bardzo dobry
2008;5;41;Wola;2;2;1950;410000;10000;dobry
2009;5;31;Mokotow;1;5;1975;240000;7741;bardzo dobry
2009;5;31;Mokotow;1;10;1975;240000;7741;dobry
2009;5;32;Srodmiescie;1;9;2006;412600;12893;bardzo dobry
2009;5;37;Srodmiescie;1;6;1955;287500;7770;do remontu
2009;5;38;Bielany;2;4;1976;274000;7210;do remontu
2009;5;38;Zoliborz;2;1;1968;305000;8026;do remontu
2009;5;39;Bemowo;2;3;2003;370000;9487;dobry
2009;5;40;Mokotow;3;5;1950;425000;10625;bardzo dobry
2009;5;46;Targowek;2;2;1975;255000;5543;dobry
2009;5;48;Ursynow;2;4;1980;344000;7166;dobry
2009;5;48;Bielany;2;3;1953;398000;8291;dobry
2009;5;52;Ursynow;2;6;2001;407500;7836;dobry
2009;5;54;Bielany;2;2;1938;369000;6833;bardzo dobry
2009;5;54;Mokotow;2;3;1979;325000;6018;dobry
2008;4;37;Srodmiescie;2;2;1952;310000;8378;do remontu
2009;5;58;Ursynow;3;2;1983;375000;6465;do remontu
2009;5;59;Praga Poludnie;3;3;1979;360000;6101;do remontu
2009;5;63;Wilanow;2;4;2006;500000;7936;do wykonczenia
2008;5;40;Srodmiescie;1;4;1950;320000;8000;dobry
2009;5;66;Mokotow;3;2;1975;470000;7121;dobry
2009;5;70;Bielany;3;2;1980;463000;6614;dobry
2008;7;33;Wola;1;2;1956;243000;7363;do remontu
2008;10;47;Srodmiescie;2;2;1956;420000;8936;bardzo dobry
2007;7;20;Wola;1;2;1955;220000;10742;do remontu
2009;5;74;Srodmiescie;3;2;1925;675000;9121;dobry
2009;5;78;Srodmiescie;3;3;1999;750000;9615;bardzo dobry
2009;5;80;Ursynow;3;1;1997;712200;8902;bardzo dobry
2009;5;81;Bemowo;2;5;2007;780000;9629;bardzo dobry
2009;5;83;Wlochy;4;3;2001;575000;6927;bardzo dobry
2009;5;97;Wilanow;4;4;2008;700000;7216;do wykonczenia
2009;5;122;Ursynow;5;3;2007;1100000;9016;bardzo dobry
2009;5;141;Srodmiescie;4;8;2007;1198000;8496;do wykonczenia
2009;6;24;Bielany;1;3;1966;166000;6916;do remontu
2009;6;27;Bielany;1;10;1975;238000;8814;dobry
2009;6;27;Wola;1;5;1970;238000;8814;bardzo dobry
2009;6;27;Srodmiescie;1;4;1980;190000;7037;dobry
2009;6;30;Zoliborz;1;12;1968;210000;7000;dobry
2009;6;35;Praga Poludnie;2;4;1959;310000;8857;dobry
2009;6;37;Praga Polnoc;2;6;1952;259200;7005;dobry
2009;6;38;Wilanow;1;2;2009;299000;7868;bardzo dobry
2009;6;41;Bielany;2;1;1959;370000;9024;bardzo dobry
2009;6;42;Ursynow;2;1;1978;310000;7380;dobry
2009;6;43;Ursynow;2;7;2001;352000;8186;dobry
2009;6;44;Bialoleka;2;4;1999;290000;6590;bardzo dobry
2009;6;44;Praga Poludnie;2;11;1988;319000;7250;bardzo dobry
2009;6;46;Mokotow;2;10;1978;307000;6673;dobry
2008;9;23;Srodmiescie;1;4;1952;225000;9783;dobry
2009;6;47;Praga Poludnie;3;8;1967;315000;6702;dobry
2009;6;48;Praga Poludnie;3;2;1970;300000;6250;do remontu
2009;6;51;Bemowo;2;3;1995;295000;5784;do remontu
2009;6;51;Rembertow;2;4;2004;345000;6764;bardzo dobry
2009;6;53;Ursynow;2;3;2004;500000;9433;bardzo dobry
2009;6;61;Targowek;3;5;1979;352000;5770;bardzo dobry
2009;6;63;Srodmiescie;2;6;1920;445000;7063;do remontu
2009;6;64;Mokotow;3;4;1970;455000;7109;bardzo dobry
2009;7;29;Srodmiescie;1;4;1954;180000;6206;dobry
2009;7;31;Bemowo;2;3;1985;240000;7741;dobry
2009;7;33;Zoliborz;1;2;1956;340000;10303;bardzo dobry
2009;7;34;Srodmiescie;1;1;1970;370000;10882;dobry
2009;7;35;Srodmiescie;1;2;1953;355000;10142;do remontu
2009;7;36;Wola;2;4;1965;309000;8583;do remontu
2009;7;46;Mokotow;2;2;1980;308000;6695;dobry
2009;7;46;Bemowo;2;8;1970;310000;6739;bardzo dobry
2009;7;47;Praga Poludnie;3;8;1967;315000;6702;dobry
2009;5;54;Bemowo;2;2;1999;435000;8055;bardzo dobry
2007;10;34;Zabki;1;4;2003;265000;7681;bardzo dobry
2009;7;49;Bielany;3;3;1969;320000;6530;do remontu
2009;7;50;Bemowo;2;1;1976;305000;6100;bardzo dobry
2009;7;52;Wilanow;2;2;1978;340000;6538;dobry
2009;7;55;Srodmiescie;2;3;1957;440000;8000;do remontu
2009;7;56;Mokotow;3;1;1975;356000;6357;dobry
2009;7;58;Ursynow;3;3;1986;400000;6896;do remontu
2009;7;60;Bemowo;3;2;1982;390000;6500;bardzo dobry
2007;6;19;Ochota;1;1;1968;205000;10354;dobry
2007;6;22;Mokotow;1;1;1965;210000;9309;dobry
2007;6;27;Srodmiescie;1;5;1960;315000;11492;dobry
2007;6;27;Mokotow;1;1;1972;190000;7037;do remontu
2007;6;31;Srodmiescie;1;6;1958;350000;11290;dobry
2007;6;31;Mokotow;1;7;1975;261000;8419;dobry
2007;6;31;Wola;1;1;1999;230000;7419;do remontu
2007;6;32;Targowek;1;4;1983;210000;6552;do remontu
2007;6;33;Srodmiescie;1;1;1954;285000;8636;do remontu
2007;6;33;Srodmiescie;1;3;2007;340000;10303;deweloperski
2007;6;33;Bialoleka;1;3;2003;270000;8182;bardzo dobry
2007;6;33;Ursynow;1;1;2001;325000;9673;dobry
2007;6;35;Targowek;1;5;1978;239000;6829;do remontu
2007;6;36;Bemowo;2;1;1970;275000;7639;dobry
2007;6;37;Ochota;2;4;1969;350000;9459;dobry
2007;6;38;Srodmiescie;1;4;1952;363000;9553;dobry
2007;6;38;Praga Poludnie;2;2;1968;284000;7474;dobry
2007;6;38;Wola;2;5;1975;320000;8421;bardzo dobry
2007;6;39;Wola;2;6;1970;325000;8333;dobry
2007;6;41;Ursus;2;1;2000;329000;8024;dobry
2007;6;41;Wlochy;2;2;2002;385000;9390;bardzo dobry
2007;6;42;Zoliborz;2;7;1998;326000;7762;do remontu
2007;6;43;Ochota;2;1;1955;323000;7512;do remontu
2007;6;44;Srodmiescie;2;4;1967;417000;9477;dobry
2007;6;44;Zoliborz;2;6;1965;405000;9205;dobry
2007;6;45;Bielany;2;5;1983;373000;8289;bardzo dobry
2008;2;33;Bemowo;1;3;2002;291000;8818;dobry
2007;6;46;Praga Poludnie;2;3;1974;332000;7217;bardzo dobry
2007;6;46;Mokotow;2;4;1950;415000;8925;dobry
2007;6;46;Mokotow;3;4;1979;425000;9120;dobry
2007;6;48;Praga Poludnie;3;8;1960;450000;9375;dobry
2007;6;48;Bemowo;2;4;2003;490000;10208;bardzo dobry
2007;6;49;Ochota;2;10;1975;405000;8265;dobry
2007;6;49;Bialoleka;2;4;2006;330000;6673;bardzo dobry
2007;6;49;Zoliborz;2;10;1980;360000;7258;dobry
2007;6;52;Srodmiescie;3;4;1953;470000;9038;dobry
2007;6;52;Mokotow;3;3;1995;383000;7365;bardzo dobry
2007;6;54;Bemowo;2;4;1985;383000;7093;dobry
2007;6;57;Srodmiescie;3;1;1911;620000;10877;dobry
2008;2;85;Bemowo;3;1;2005;920000;10824;bardzo dobry
2007;6;60;Wola;2;1;1994;528000;8800;dobry
2007;6;64;Bialoleka;3;1;2003;430000;6719;bardzo dobry
2007;6;66;Praga Poludnie;3;5;2005;650000;9848;bardzo dobry
2007;6;69;Bemowo;3;3;2002;637000;9232;dobry
2007;6;71;Srodmiescie;2;5;2003;890000;12535;do remontu
2008;9;45,1;Bemowo;2;3;2000;425000;9423;bardzo dobry
2007;6;72;Praga Poludnie;3;14;1985;435000;6042;bardzo dobry
2007;6;73;Ochota;3;2;2004;735000;10068;bardzo dobry
2007;6;81;Srodmiescie;3;1;1948;1750000;21605;do remontu
2007;6;86;Bemowo;4;3;2005;700000;8140;dobry
2007;6;89;Ursus;3;2;1938;495000;5562;dobry
2009;5;70;Bemowo;3;2;2008;514000;7342;do wykonczenia
2007;6;110;Praga Poludnie;4;4;1993;707000;6427;dobry
2007;6;117;Srodmiescie;3;2;1912;1350000;11538;dobry
2007;6;45;Bemowo;2;2;2007;410000;9111;deweloperski
2007;6;130;Mokotow;3;4;2000;1420000;10923;bardzo dobry
2007;6;147;Srodmiescie;3;10;1999;1700000;11565;bardzo dobry
2007;6;160;Mokotow;4;5;2003;1660000;10375;bardzo dobry
2008;4;83;Zoliborz;5;2;1985;868000;10458;dobry
2007;7;20;Srodmiescie;1;3;2000;230000;11500;bardzo dobry
2007;7;23;Srodmiescie;1;1;2000;260000;11304;bardzo dobry
2007;7;24;Ochota;1;3;1975;240000;10000;bardzo dobry
2007;7;25;Praga Polnoc;1;3;1970;180000;7200;do remontu
2007;7;25;Mokotow;1;2;1960;257000;10280;dobry
2007;7;28;Zoliborz;1;2;1968;250000;8772;bardzo dobry
2007;7;29;Zoliborz;1;3;2000;250000;8621;do remontu
2007;7;30;Praga Polnoc;1;2;2000;255000;8500;bardzo dobry
2007;7;31;Kabaty;2;1;2002;290000;9355;dobry
2007;7;31;Bemowo;1;3;2005;290000;9355;dobry
2007;7;31;Zoliborz;2;1;1984;285000;9135;dobry
2007;7;31;Wola;1;1;1955;230000;7372;do remontu
2007;7;32;Mokotow;1;3;1991;264000;8219;dobry
2007;7;34;Zoliborz;2;3;1934;335000;9724;do remontu
2007;7;35;Srodmiescie;1;3;1954;355000;10091;bardzo dobry
2007;7;35;Bielany;2;2;1965;299000;8543;dobry
2007;7;36;Ochota;1;3;1908;360000;9809;do remontu
2007;7;36;Praga Poludnie;2;2;1965;264000;7333;do remontu
2008;5;83;Zoliborz;5;2;1985;868000;10457;dobry
2007;7;37;Ursynow;2;7;2007;409000;11054;dobry
2007;7;37;Praga Polnoc;2;3;1975;260000;6860;do remontu
2007;7;38;Ursynow;2;3;2001;372000;9612;bardzo dobry
2007;7;38;Zoliborz;2;2;1964;377000;9921;do remontu
2007;7;41;Wesola;2;1;2005;320000;7805;bardzo dobry
2007;7;42;Bielany;2;7;1976;326000;7762;do remontu
2007;7;44;Ursynow;2;5;1998;395000;8837;bardzo dobry
2007;7;47;Mokotow;2;1;1950;445000;9468;dobry
2007;7;48;Srodmiescie;3;10;1975;460000;9463;dobry
2007;7;48;Ochota;2;2;1998;470000;9792;bardzo dobry
2008;9;70;Ursynow;4;3;1982;530000;7571;dobry
2007;7;50;Wilanow;2;8;1976;362000;7240;dobry
2007;7;55;Ursynow;2;2;2000;502000;9094;dobry
2007;7;56;Bialoleka;3;2;2001;400000;7143;dobry
2007;7;58;Ursynow;3;4;1985;491500;8474;dobry
2007;7;58;Wola;3;2;1955;429000;7397;dobry
2007;7;59;Praga Poludnie;3;3;2000;485000;8151;dobry
2007;7;60;Ursynow;2;2;2000;530000;8833;do wykonczenia
2007;7;62;Mokotow;3;3;1947;550000;8871;dobry
2007;7;63;Bialoleka;3;5;1992;440000;6918;dobry
2007;7;65;Mokotow;2;2;1936;650000;9954;bardzo dobry
2007;7;65;Srodmiescie;2;3;1932;495000;7615;dobry
2007;7;67;Ursynow;3;2;2004;660000;9851;dobry
2007;7;77;Wawer;3;1;2002;780000;10130;bardzo dobry
2009;5;70;Ursynow;4;2;1984;480000;6857;do remontu
2007;7;80;Mokotow;3;5;2004;935000;11688;dobry
2007;7;82;Ursynow;3;3;2003;855000;10427;dobry
2007;7;88;Mokotow;3;3;2001;1200000;13636;bardzo dobry
2008;2;63;Ursynow;3;3;1982;464000;7365;dobry
2007;7;98;Mokotow;3;4;2007;1450000;14796;bardzo dobry
2007;7;100;Srodmiescie;3;4;1999;1020000;10200;bardzo dobry
2007;7;101;Ochota;4;3;1994;615000;6089;dobry
2007;7;115;Ochota;5;3;1998;1019000;8861;dobry
2009;8;18;Ochota;1;3;2000;168000;9282;dobry
2009;8;19;Srodmiescie;1;9;1966;209000;11000;dobry
2009;8;24;Mokotow;1;2;1980;221000;9208;dobry
2008;4;85;Ursynow;4;2;1979;600000;7059;dobry
2009;8;28;Mokotow;1;5;1970;372000;13286;bardzo dobry
2009;8;28;Mokotow;1;11;1968;335500;11982;dobry
2009;8;28;Wola;1;3;1965;255000;8866;dobry
2009;8;29;Bemowo;1;3;2002;299000;10205;dobry
2009;8;30;Wola;2;6;1970;245000;8041;dobry
2009;8;32;Targowek;1;2;1998;197000;6156;dobry
2007;6;71;Ochota;2;1;1926;666000;9289;dobry
2009;8;35;Wawer;2;1;1999;250600;7039;dobry
2008;1;41;Praga Polnoc;1;1;1997;320000;7804;dobry
2009;8;36;Bemowo;2;2;1978;245000;6806;dobry
2009;8;36;Bemowo;2;3;1978;310000;8611;dobry
2009;8;38;Bielany;2;3;1972;285000;7500;dobry
2009;8;38;Srodmiescie;1;1;1939;360000;9474;dobry
2009;8;38;Wlochy;2;6;2003;376000;9895;dobry
2009;8;38;Srodmiescie;1;4;1955;363000;9553;do remontu
2009;8;39;Ursynow;2;4;2006;420000;10698;bardzo dobry
2009;8;39;Wola;2;6;1969;305000;7722;dobry
2009;8;44;Ursynow;2;3;2000;420000;9396;dobry
2008;3;41;Praga Polnoc;1;1;1997;320000;7804;dobry
2009;8;45;Bemowo;2;6;1978;325000;7222;dobry
2009;8;46;Praga Poludnie;2;3;2000;300000;6522;dobry
2009;8;47;Mokotow;3;3;1970;345000;7278;do remontu
2008;4;83;Praga Polnoc;3;6;1990;540000;6506;bardzo dobry
2009;8;48;Ursus;3;4;1980;328000;6763;dobry
2008;5;93;Ursus;4;4;2000;799000;8591;bardzo dobry
2009;8;48;Ursus;3;6;1977;310000;6458;dobry
2009;8;48;Bielany;2;3;2000;443000;9229;dobry
2009;8;48;Mokotow;2;1;2007;516000;10750;do wykonczenia
2009;8;48;Bialoleka;2;2;2007;310000;6379;do wykonczenia
2009;8;50;Praga Polnoc;3;3;1956;352000;6970;dobry
2009;8;51;Bielany;2;2;2001;428000;8392;dobry
2009;8;51;Srodmiescie;2;3;1937;540000;10588;dobry
2009;8;51;Bemowo;3;6;1975;350000;6796;dobry
2009;8;51;Praga Poludnie;2;4;2000;430000;8317;dobry
2009;8;53;Mokotow;2;4;2007;535000;10060;dobry
2009;5;70;Ursus;3;4;2005;417000;5957;do wykonczenia
2009;8;58;Ursynow;3;3;1986;444000;7577;dobry
2009;8;62;Mokotow;2;2;1950;759000;12242;bardzo dobry
2009;8;64;Bialoleka;3;9;1992;360000;5625;do remontu
2009;8;64;Mokotow;4;4;1974;487000;7609;bardzo dobry
2009;8;71;Mokotow;3;9;1970;393000;5533;dobry
2009;8;72;Mokotow;3;4;2007;860000;11846;deweloperski
2009;8;74;Ursynow;4;5;1984;490000;6622;dobry
2009;8;80;Bemowo;4;3;1985;579000;7238;dobry
2009;8;80;Bialoleka;3;3;2001;500000;6250;dobry
2009;8;88;Srodmiescie;3;2;2001;880000;10000;bardzo dobry
2009;8;48;Ursus;2;4;2001;420000;8750;dobry
2008;9;20;Zoliborz;1;8;1972;179000;8950;dobry
2008;9;22;Srodmiescie;1;2;1960;337000;15318;dobry
2008;9;22;Ochota;1;3;1965;178000;8091;do remontu
2008;9;22;Wola;1;7;1977;178000;8091;do remontu
2009;8;53;Ursus;3;3;2003;495000;9285;deweloperski
2008;9;23;Zoliborz;1;2;1964;240000;10213;do remontu
2008;9;24;Targowek;1;3;1970;200000;8333;bardzo dobry
2008;9;26;Srodmiescie;1;2;1965;273000;10500;dobry
2008;9;26;Wola;1;5;1970;240000;9231;dobry
2008;9;27;Srodmiescie;1;4;1955;275000;10185;dobry
2008;9;27;Wola;1;1;1960;232500;8611;bardzo dobry
2008;9;30;Srodmiescie;1;3;1955;275000;9167;dobry
2008;9;35;Srodmiescie;2;2;1960;419000;11836;dobry
2008;9;37;Srodmiescie;2;2;1958;402000;10691;dobry
2008;9;37;Ursynow;2;4;1988;363000;9811;dobry
2008;9;40;Wola;2;8;1975;308000;7700;dobry
2008;9;43;Praga Poludnie;2;1;1954;347000;8070;dobry
2008;9;46;Praga Poludnie;2;3;2000;306000;6652;do remontu
2009;8;35;Praga Poludnie;2;4;1963;265000;7571;dobry
2008;9;47;Mokotow;2;1;1974;359000;7638;bardzo dobry
2008;9;47;Srodmiescie;2;10;1970;449000;9553;bardzo dobry
2008;9;48;Zoliborz;3;2;1979;370000;7708;do remontu
2008;9;48;Ochota;2;1;2000;470000;9792;dobry
2008;9;49;Ursynow;2;2;1996;462000;9429;dobry
2008;9;50;Wola;3;5;1973;390000;7800;dobry
2008;5;34;Praga Poludnie;2;5;1964;285000;8382;bardzo dobry
2008;9;52;Ursynow;2;8;1981;363000;6981;dobry
2008;9;53;Praga Poludnie;3;3;1965;360000;6729;dobry
2008;9;53;Mokotow;2;3;1953;450000;8385;dobry
2008;9;55;Targowek;3;10;1977;360000;6545;dobry
2008;9;55;Mokotow;2;6;2007;620000;11273;do wykonczenia
2008;9;55;Praga Poludnie;2;2;1961;455000;8273;bardzo dobry
2008;9;56;Bielany;3;4;2001;550000;9821;dobry
2009;6;47;Praga Poludnie;2;5;1957;405000;8617;do remontu
2008;9;57;Ursus;2;4;2001;525000;9211;bardzo dobry
2008;9;58;Praga Poludnie;2;2;2004;470000;8103;bardzo dobry
2008;9;60;Mokotow;2;6;2006;665000;11083;dobry
2009;5;29;Praga Poludnie;1;6;1970;215000;7413;do remontu
2008;9;63;Ochota;2;1;1950;677000;10712;do remontu
2008;9;64;Ursynow;2;1;2005;700000;10886;bardzo dobry
2008;9;64;Praga Poludnie;3;15;2007;630000;9844;dobry
2009;5;65;Mokotow;3;5;1958;617200;9495;dobry
2008;9;72;Ursynow;3;1;2001;818000;11361;bardzo dobry
2008;9;76;Ursynow;3;3;2002;830000;10921;bardzo dobry
2008;9;81;Srodmiescie;3;2;1946;1030000;12716;bardzo dobry
2008;9;81;Praga Poludnie;2;3;1998;301000;3683;dobry
2008;9;83;Mokotow;3;2;1999;840000;10120;bardzo dobry
2008;9;88;Mokotow;3;8;2007;940000;10600;do wykonczenia
2008;9;105;Bialoleka;5;3;1999;645000;6143;dobry
2008;9;163;Ursynow;4;1;1995;1500000;9202;bardzo dobry
2007;10;17;Ursus;1;2;1965;142000;7933;do remontu
2007;10;31;Srodmiescie;1;5;1950;386000;12078;dobry
2007;10;33;Bemowo;1;2;1981;274000;8303;dobry
2007;10;33;Praga Poludnie;1;5;2007;290000;8788;dobry
2007;11;33;Mokotow;1;3;1968;305000;9242;dobry
2007;10;35;Mokotow;1;1;1936;341000;9743;dobry
2007;10;35;Mokotow;2;8;1963;315000;9000;dobry
2007;10;38;Mokotow;2;9;1975;330000;8505;dobry
2007;10;38;Bielany;1;4;2006;335000;8816;deweloperski
2007;10;40;Srodmiescie;2;1;1950;650000;16250;bardzo dobry
2007;10;40;Bemowo;1;4;2007;340000;8500;deweloperski
2007;10;41;Jozefoslaw;2;3;2001;360000;8780;bardzo dobry
2007;10;41;Srodmiescie;2;1;1968;425000;10366;dobry
2008;7;38;Wola;2;14;1977;310000;8157;bardzo dobry
2007;10;46;Bialoleka;2;5;2001;305000;6630;bardzo dobry
2007;10;46;Targowek;2;5;1975;277000;5944;do remontu
2007;10;47;Ochota;3;1;1969;424500;9032;bardzo dobry
2007;10;47;Bemowo;2;4;2007;366000;7673;deweloperski
2007;10;48;Wawer;2;8;1986;312000;6500;bardzo dobry
2007;10;49;Ochota;3;3;1962;405000;8265;do remontu
2007;10;50;Ursynow;2;1;2006;465000;9172;deweloperski
2007;10;52;Mokotow;2;1;1960;515000;9904;dobry
2007;10;53;Ochota;2;1;1996;453000;8547;dobry
2007;10;55;Srodmiescie;3;3;1960;705000;12818;dobry
2007;10;55;Ochota;2;1;1999;535000;9727;dobry
2007;10;55;Wola;2;1;2000;510000;9273;dobry
2007;10;56;Zoliborz;2;2;2003;600000;10545;dobry
2009;5;24;Bielany;1;4;1970;190000;7916;bardzo dobry
2007;10;56;Bielany;2;4;2006;560000;10000;deweloperski
2007;10;57;Mokotow;3;9;1980;535000;9304;dobry
2007;10;60;Bialoleka;3;5;1987;390000;6500;bardzo dobry
2007;10;60;Brodno;3;7;1975;376000;6184;dobry
2007;10;61;Mokotow;2;3;1931;415000;6803;do remontu
2007;10;63;Bemowo;3;2;1984;400000;6349;dobry
2007;10;63;Ursynow;3;1;1988;388000;6159;dobry
2008;9;27;Bielany;1;4;1966;195000;7222;do remontu
2007;10;66;Ochota;3;1;1999;699000;10591;dobry
2007;10;68;Ursynow;3;3;1986;520000;7591;dobry
2007;10;70;Bielany;3;5;2006;680000;9692;deweloperski
2007;10;71;Bialoleka;3;4;2000;525000;7394;dobry
2007;7;37;Bielany;2;2;1967;308000;8324;bardzo dobry
2007;10;72;Praga Poludnie;2;5;2006;700150;9724;bardzo dobry
2007;10;73;Ochota;3;3;2000;725000;9824;dobry
2007;10;82;Bialoleka;4;3;2005;610000;7439;bardzo dobry
2007;10;94;Ochota;3;2;1996;827000;8798;dobry
2007;10;98;Mokotow;3;1;2004;1150000;11735;dobry
2007;10;100;Ochota;4;2;1996;879000;8790;dobry
2007;10;124;Mokotow;4;1;2004;1590000;12805;dobry
2007;10;145;Mokotow;4;7;2004;1377000;9497;dobry
2007;11;24;Ochota;1;7;1970;210000;8750;bardzo dobry
2007;11;24;Praga Polnoc;1;2;1965;170000;7083;do remontu
2007;11;26;Wola;2;15;1973;263000;10115;dobry
2007;12;24;Bielany;1;4;1970;216000;9000;dobry
2007;11;30;Mokotow;1;1;1935;300000;10000;bardzo dobry
2007;11;30;Mokotow;1;4;1975;248000;8267;do remontu
2007;11;31;Mokotow;1;3;1980;248000;8000;dobry
2007;11;31;Praga Poludnie;1;7;1975;250000;8065;do remontu
2008;1;76;Bielany;3;1;1999;670000;8815;bardzo dobry
2007;11;35;Mokotow;1;2;2006;375000;10563;do wykonczenia
2007;11;36;Bialoleka;1;3;2005;239000;6639;dobry
2007;11;37;Bielany;2;5;2006;385000;10164;do wykonczenia
2007;11;37;Wlochy;2;3;1957;278000;7514;dobry
2007;11;37;Mokotow;2;3;1970;290000;7838;bardzo dobry
2007;11;37;Wola;2;8;1980;250000;6757;dobry
2007;11;39;Bielany;1;5;2006;327670;8198;do wykonczenia
2007;11;40;Mokotow;1;4;1955;335000;8375;dobry
2007;11;45;Ursynow;2;3;2007;372500;8278;do wykonczenia
2007;11;47;Ursynow;2;7;1985;370000;7872;bardzo dobry
2007;11;49;Mokotow;2;5;1950;350000;7143;dobry
2007;11;54;Bialoleka;3;6;2002;445000;8241;bardzo dobry
2007;11;59;Mokotow;3;3;1990;530000;8983;bardzo dobry
2007;11;63;Ursynow;3;2;1985;474000;7476;bardzo dobry
2007;11;71;Zabki;3;1;2004;500000;7042;bardzo dobry
2007;11;72;Srodmiescie;3;3;1948;960000;13333;bardzo dobry
2007;11;94;Zoliborz;5;2;1936;1016000;10809;dobry
2007;11;102;Bialoleka;4;3;1998;777600;7624;bardzo dobry
2007;11;175;Mokotow;6;2;2006;3200000;18286;do wykonczenia
2007;12;20;Wola;1;1;1960;172000;8600;dobry
2009;8;112;Bielany;4;4;1999;750000;6696;dobry
2007;12;23;Mokotow;1;2;1970;195000;8312;dobry
2007;12;23;Praga Poludnie;1;4;1960;202000;8596;dobry
2007;12;23;Praga Poludnie;1;3;1985;188000;8069;dobry
2008;4;39;Bielany;2;4;1995;350000;8974;bardzo dobry
2007;12;26;Bielany;1;2;1970;225000;8654;bardzo dobry
2007;12;27;Bielany;1;11;1975;220000;8148;dobry
2007;12;27;Mokotow;1;1;1960;240000;8889;dobry
2007;12;28;Srodmiescie;1;6;2003;380000;13571;bardzo dobry
2007;12;28;Wola;2;15;1975;257000;9179;dobry
2007;12;30;Bielany;1;4;1974;210000;7000;do remontu
2007;12;31;Bemowo;1;6;1985;252000;8129;dobry
2007;12;31;Bielany;1;6;2000;295000;9516;dobry
2007;12;32;Bialoleka;1;1;2003;258000;7904;dobry
2007;12;34;Mokotow;1;3;2002;350000;10294;dobry
2007;12;35;Srodmiescie;1;2;1935;295000;8429;dobry
2007;12;36;Bialoleka;2;2;1999;300000;8197;dobry
2007;12;36;Srodmiescie;2;2;1994;440000;12222;dobry
2007;12;37;Targowek;2;7;1969;245000;6622;bardzo dobry
2007;12;37;Wola;2;7;1973;327000;8838;bardzo dobry
2007;12;38;Ochota;1;2;1952;340000;8854;bardzo dobry
2007;12;41;Wilanow;1;1;2007;355000;8659;do wykonczenia
2007;12;47;Mokotow;2;3;2006;640000;13347;bardzo dobry
2007;12;47;Zoliborz;3;2;1967;365000;7766;do remontu
2007;12;48;Mokotow;2;5;1974;410000;8542;dobry
2007;12;48;Ursus;3;1;1977;331500;6906;dobry
2007;12;49;Bielany;3;3;1968;346500;7071;dobry
2007;12;49;Praga Poludnie;2;2;1970;360000;7347;dobry
2007;12;50;Bemowo;2;3;1978;395000;7900;dobry
2007;12;51;Srodmiescie;2;1;1970;660000;12941;bardzo dobry
2007;12;52;Mokotow;3;3;1974;380000;7308;bardzo dobry
2007;12;52;Ochota;2;2;1956;390000;7500;do remontu
2007;12;57;Mokotow;2;2;2006;582000;10211;do wykonczenia
2007;12;58;Bielany;3;2;1967;380000;6552;do remontu
2007;12;58;Praga Poludnie;2;2;2004;475000;8190;bardzo dobry
2007;12;59;Ursynow;3;5;1980;437000;7345;dobry
2007;12;62;Mokotow;2;3;2004;615500;9927;bardzo dobry
2007;12;62;Praga Poludnie;3;8;1978;360000;5806;dobry
2007;12;68;Wlochy;3;3;2001;470000;6912;dobry
2007;12;70;Praga Poludnie;4;4;1978;480000;6857;dobry
2007;12;77;Ochota;3;1;2000;810000;10519;dobry
2007;12;82;Mokotow;2;1;1935;930000;11341;do wykonczenia
2007;12;88;Mokotow;3;7;2000;865000;9830;bardzo dobry
2007;12;106;Srodmiescie;3;2;1930;830000;7830;dobry
2007;12;132;Wilanow;5;3;2006;1050000;7955;do wykonczenia
